{
  "balanced": {
    "accuracy": 0.5,
    "precision": 0.0,
    "recall": 0.0,
    "f1": 0.0,
    "roc_auc": 0.5884720221606649,
    "n_compounds": 950
  },
  "timestamp": "2025-04-01T22:03:02.946067"
}