{
  "xgboost": {
    "train": {
      "accuracy": 0.978021978021978,
      "precision": 0.9803921568627451,
      "recall": 0.974025974025974,
      "f1": 0.977198697068404,
      "roc_auc": 0.9981249753286228,
      "avg_precision": 0.9980356789863493
    },
    "valid": {
      "accuracy": 0.7252747252747253,
      "precision": 0.7608695652173914,
      "recall": 0.7142857142857143,
      "f1": 0.7368421052631581,
      "roc_auc": 0.7964042759961127,
      "avg_precision": 0.8099632314394313
    },
    "test": {
      "accuracy": 0.7362637362637363,
      "precision": 0.7011494252873564,
      "recall": 0.7349397590361446,
      "f1": 0.7176470588235295,
      "roc_auc": 0.8029694535718632,
      "avg_precision": 0.7979540570569628
    }
  }
}