{
  "xgboost": {
    "train": {
      "accuracy": 0.8759811616954474,
      "precision": 0.8523076923076923,
      "recall": 0.8993506493506493,
      "f1": 0.8751974723538705,
      "roc_auc": 0.9517378518138396,
      "avg_precision": 0.951281164565175
    },
    "valid": {
      "accuracy": 0.7472527472527473,
      "precision": 0.7321428571428571,
      "recall": 0.8367346938775511,
      "f1": 0.7809523809523811,
      "roc_auc": 0.8036929057337221,
      "avg_precision": 0.825826293013436
    },
    "test": {
      "accuracy": 0.7472527472527473,
      "precision": 0.7126436781609196,
      "recall": 0.7469879518072289,
      "f1": 0.7294117647058824,
      "roc_auc": 0.8393574297188755,
      "avg_precision": 0.8076881619190146
    }
  }
}