{"Accuracy":{"0":0.6515880654},"ROC-AUC":{"0":0.7089173397},"Precision":{"0":0.6108108108},"Recall":{"0":0.6989690722},"F1-score":{"0":0.6519230769}}